name,A,B
Sonji,81,5
Mariann,28,5
Regan,30,52
Doss,54,87
Les,31,10
Tera,47,68
Mansfield,13,4
Eustace,62,59
Darin,59,94
Aditya,30,25
Rhea,20,78
Lorraine,76,51
Sister,61,49
Hurbert,82,94
Marybeth,4,43
Stacey,76,5
Halie,45,29
Harland,60,58
Love,78,83
Myrtle,48,59
Jerrie,93,73
Jevon,97,75
Carey,77,68
Paralee,44,1
Earle,57,8
Messiah,15,74
Horacio,21,64
Clemmie,66,11
Vaughn,28,19
Rahn,33,45
Kaliyah,12,87
Adela,80,70
Pascal,53,81
Rosina,87,62
Marland,38,10
Rhett,13,8
Debroah,41,37
Dorcas,47,62
Elma,5,60
Eunice,28,99
Versa,44,67
Leroy,90,87
Sebastian,28,13
Young,56,10
Maricela,35,69
